From Date,To Date,PM2.5,PM10,NO,NO2,NOx,NH3,SO2,CO,Ozone,Temp,RH,WS,WD,SR,BP,AT,RF
2021-01-01 00:00,2021-01-01 01:00,28.75,45.25,3.58,18.48,12.78,12.47,9.25,1.1,12.93,29.02,82.5,0.3,335,11.75,754.5,23.32,0
2021-01-01 01:00,2021-01-01 02:00,25,40.25,4.83,17.42,13.18,11.88,8.25,1.13,13.05,29.02,83,0.3,327.25,12,754,23.3,0
2021-01-01 02:00,2021-01-01 03:00,18.25,41.25,3.55,17.98,12.5,13.4,7.8,1.1,10.18,29.02,83.75,0.3,349,12,753,23.2,0
2021-01-01 03:00,2021-01-01 04:00,23,37.75,3.15,12.22,9.07,14.93,8.78,0.89,10,29.12,83.25,0.5,348.75,12,753,23.08,0
2021-01-01 04:00,2021-01-01 05:00,17,25,3.15,13.62,9.18,10.35,8.2,0.85,15.88,29,82,0.6,348,12,753,23.05,0
2021-01-01 05:00,2021-01-01 06:00,9.25,24.25,3.6,10.12,8.28,10.7,7.5,0.78,17.83,29.08,82.25,0.3,348.75,12,753,22.7,0
2021-01-01 06:00,2021-01-01 07:00,13,16,3.75,18.53,12.9,11.07,6.83,0.89,15.55,29,82,0.3,349,12.5,753.5,22.7,0
2021-01-01 07:00,2021-01-01 08:00,17.5,29.5,2.5,12.2,8.5,11.8,6.95,0.94,21.77,29,76.5,0.3,349,88.5,754.25,23.3,0
2021-01-01 08:00,2021-01-01 09:00,37,50,3.3,12.82,9.47,13.15,8.47,1.03,23.95,29.08,70.5,0.3,347.5,278.75,755,25.15,0
2021-01-01 09:00,2021-01-01 10:00,25.75,51.5,5.1,14.55,11.88,13.4,8.97,0.68,37.75,29.08,59,0.3,327.25,406,755,27.5,0
2021-01-01 10:00,2021-01-01 11:00,18.5,43,3.35,13.78,10.03,14.88,8.82,0.52,41.75,29.4,53.5,1.6,338.75,455.5,755.25,27.58,0
2021-01-01 11:00,2021-01-01 12:00,17.75,33.25,4.62,4.7,6.25,11.78,10.55,0.42,44.65,29.27,52.75,1.73,348.75,402.25,755,27.23,0
2021-01-01 12:00,2021-01-01 13:00,20,39.5,84.65,34.42,86.37,10.62,8.8,0.65,46,29.33,51,1.43,338.25,488.5,754.75,28.05,0
2021-01-01 13:00,2021-01-01 14:00,19,38.75,3.55,8.85,7.58,9.43,9.88,0.77,47.82,29.2,52.75,2.15,310,475,754,27.9,0
2021-01-01 14:00,2021-01-01 15:00,16,41,4.65,15.73,12.18,9.65,9.43,0.9,42.88,29.05,59,2.8,257.25,413.75,754,27.35,0
2021-01-01 15:00,2021-01-01 16:00,17.75,37,4.65,17.73,13.2,8.9,9.57,0.94,42.83,29.1,59.75,2.12,250.75,218,753,26.9,0
2021-01-01 16:00,2021-01-01 17:00,13.5,42.5,5.42,22.67,16.48,8.72,10.35,0.99,40.1,29.1,61.5,1.9,248.5,135.25,753,26.47,0
2021-01-01 17:00,2021-01-01 18:00,14.25,44.75,8.57,32.42,24.23,9.27,10.47,1.34,38,29,63.75,1.35,243.25,49.25,753,25.9,0
2021-01-01 18:00,2021-01-01 19:00,21,56,10.98,47.57,34.23,9.43,10.35,1.73,31.22,29.05,66.5,0.3,208.5,13,754,25.48,0
2021-01-01 19:00,2021-01-01 20:00,40.75,79,5.93,40.95,26.62,10.35,10.9,1.69,24.5,29,69,0.3,349,12,754.25,24.8,0
2021-01-01 20:00,2021-01-01 21:00,70.5,117.5,3.23,39.15,23.43,11.78,11.62,1.73,17.15,29,72,0.45,349,12,755,24.23,0
2021-01-01 21:00,2021-01-01 22:00,80,131,1.7,29.77,17.2,12.82,11.82,1.58,18.43,29.02,74.5,0.4,349,12,755,23.77,0
2021-01-01 22:00,2021-01-01 23:00,93.5,131,2.6,21.4,13.48,11.9,10.75,1.34,20.88,29,74.25,0.3,349.5,13,755,23.6,0
2021-01-01 23:00,2021-02-01 00:00,77.75,108.75,1.9,19.6,12,11.82,11.05,1.2,20.8,29,74.5,0.3,353.25,17,755,23.5,0
2021-02-01 00:00,2021-02-01 01:00,66.25,93.5,1.5,14.65,9.02,11.45,11.3,0.96,24.2,29,74.75,0.3,354.25,18.5,755,23.32,0
2021-02-01 01:00,2021-02-01 02:00,49.75,81.5,2.1,10.47,7.3,11.12,9.82,0.86,25.38,29,75.5,0.3,353,17,754,22.95,0
2021-02-01 02:00,2021-02-01 03:00,41.25,64.75,1.75,9.4,5.92,11.57,9.3,0.76,21.45,29,77.25,0.3,353,17,754,22.7,0
2021-02-01 03:00,2021-02-01 04:00,33.5,49,1.93,4.9,4.15,12.8,9.7,0.59,31.48,29.15,72.5,0.3,353,17,754,22.8,0
2021-02-01 04:00,2021-02-01 05:00,30.75,45.75,2.33,9.1,6.72,9.4,9.23,0.64,33.4,29.02,73.75,0.3,352.25,16,754,22.4,0
2021-02-01 05:00,2021-02-01 06:00,29.25,53.5,1.68,7.2,5.2,10.1,9.7,0.68,32.62,29,74.75,0.3,353.25,16.5,754,22.17,0
2021-02-01 06:00,2021-02-01 07:00,29.5,52,1.85,7.75,5.62,10.18,9.53,0.73,35.88,29,72,0.3,354,20.5,754,22.7,0
2021-02-01 07:00,2021-02-01 08:00,38.5,55.5,1.92,9.65,6.7,10.6,10,0.76,37.67,29,67.5,0.5,353.5,138,754.5,23.62,0
2021-02-01 08:00,2021-02-01 09:00,44,67.75,2.35,7.52,5.88,10.8,9.23,0.75,48.8,29.02,60.75,0.85,354,277.5,755.5,25.6,0
2021-02-01 09:00,2021-02-01 10:00,47,74.25,2.23,8.6,6.42,11.93,9.82,0.6,59.47,29.12,55.75,0.7,348.75,467.25,756,27.47,0
2021-02-01 10:00,2021-02-01 11:00,44.75,76.25,2.1,16.23,10.32,14.1,10.07,0.66,63.77,29.42,55,1.4,330,561.75,756,28.47,0
2021-02-01 11:00,2021-02-01 12:00,34,65.75,5.8,14.45,12.4,10.73,9.15,0.65,56.05,29.43,57.5,2.3,271.25,646.5,755.25,28.2,0
2021-02-01 12:00,2021-02-01 13:00,22,50,84.4,45.68,92.2,10.7,8.82,0.88,55.53,29.6,58,2.65,262.5,649.75,754.25,28.15,0
2021-02-01 13:00,2021-02-01 14:00,25.25,52.5,3.92,17.07,12.27,10.35,8.98,0.92,57.9,29.3,58,2.7,258.25,502,753.25,28.02,0
2021-02-01 14:00,2021-02-01 15:00,29,48,3.4,14.72,10.57,9.78,9.18,0.88,58.48,29.2,56,2.67,259.25,543,753,28.32,0
2021-02-01 15:00,2021-02-01 16:00,27.5,51.5,3.35,15.88,11.2,9.4,10.3,0.87,53.98,29.17,54.75,2.7,263,392.75,753,28.23,0
2021-02-01 16:00,2021-02-01 17:00,27.5,55.25,3.2,15.97,11.15,10.55,12.82,0.86,56.25,29.1,58.5,2.52,268.75,231.25,753,27.75,0
2021-02-01 17:00,2021-02-01 18:00,26.25,56.75,4.25,28.2,18.45,10.35,13.65,1.21,52.25,29.17,61.75,2,279.75,76.25,753,27.22,0
2021-02-01 18:00,2021-02-01 19:00,37,70.25,6.33,37.02,24.88,11.05,13.57,1.47,47.12,29.15,65.75,1.53,278.75,19,753.25,26.45,0
2021-02-01 19:00,2021-02-01 20:00,48,87.75,10.97,52.1,36.65,11.2,13.62,2.08,32.12,29.08,66.75,0.68,233.75,18.75,754,26.15,0
2021-02-01 20:00,2021-02-01 21:00,70,120.5,4.88,43.8,27.27,12.7,11.8,1.76,26.95,29,69.25,0.32,236,22.5,754.5,25.95,0
2021-02-01 21:00,2021-02-01 22:00,64.25,119.25,3.6,42.23,25.4,12.82,10.07,1.84,19.62,29,72.5,0.3,247.5,23.75,754.75,25.5,0
2021-02-01 22:00,2021-02-01 23:00,74.5,121,4.03,42.62,25.98,13.38,9.07,1.92,17.1,29,75.5,0.3,None,25.5,754.75,25.23,0
2021-02-01 23:00,2021-03-01 00:00,99.25,146.75,2.83,33.65,20.2,14.5,9.32,1.89,15.3,29,78.5,0.3,None,25.75,754,24.88,0
2021-03-01 00:00,2021-03-01 01:00,84.75,129.5,2.33,16.35,10.6,13.78,8.3,1.24,22.75,29,79,0.3,None,24.5,754,24.48,0
2021-03-01 01:00,2021-03-01 02:00,73.25,111.25,2.35,13.4,9.05,13.38,5.25,1.12,23.4,29,80,0.3,None,24,753.5,24.23,0
2021-03-01 02:00,2021-03-01 03:00,65.75,94.5,2.12,10.38,7.28,14.55,5.65,1,21.65,29.02,80.5,0.3,None,24.25,753,24.15,0
2021-03-01 03:00,2021-03-01 04:00,57.75,85,2.35,9.95,7.23,16.07,6.3,0.94,22,29.18,82.25,0.3,None,25,753,23.92,0
2021-03-01 04:00,2021-03-01 05:00,53.75,80.75,2.22,10.7,7.5,11.62,7.98,0.99,19.7,29.05,83.75,0.3,None,26.5,753,23.75,0
2021-03-01 05:00,2021-03-01 06:00,56,87.5,2.55,10.18,7.45,12.27,10.17,0.98,19.5,29,84,0.3,358,26,753,23.6,0
2021-03-01 06:00,2021-03-01 07:00,54.75,82.75,1.93,10.35,7.05,12.75,10.85,0.95,21.4,29,84,0.3,None,32.5,753.25,23.65,0
2021-03-01 07:00,2021-03-01 08:00,45,68.5,2.58,13.57,9.32,13.12,10.68,1.02,22.9,29,81,0.3,None,115.25,754,24.68,0
2021-03-01 08:00,2021-03-01 09:00,56,86.25,2.85,13.8,9.68,13.53,10.18,1,32.98,29.05,73,0.35,303,289.25,754.75,26.62,0
2021-03-01 09:00,2021-03-01 10:00,53.5,86.75,3.38,9.48,7.75,14.85,8.02,0.61,47.88,29,65.25,1.4,274.5,454.25,755,28.27,0
2021-03-01 10:00,2021-03-01 11:00,30,54.75,1.68,11.47,7.48,17.55,8.6,0.6,49.78,29.48,64.5,2.08,287.75,609.75,755,28.62,0
2021-03-01 11:00,2021-03-01 12:00,35,66,4.57,9.35,8.7,13.17,8.85,0.62,50,29.75,67,2.38,287,434.5,754.75,28.65,0
2021-03-01 12:00,2021-03-01 13:00,30.5,55.75,83.92,36.95,87.22,13.25,8.68,0.75,48.65,29.73,64,3.08,263.75,609.75,753.75,27.8,0
2021-03-01 13:00,2021-03-01 14:00,26,51.75,2.6,8.18,6.47,11.32,8.07,0.75,47.97,29.22,64.75,3.5,257.75,565,753,27.58,0
2021-03-01 14:00,2021-03-01 15:00,24,49,2.98,10.27,7.93,10.43,8.68,0.8,47.42,29.12,64.75,3.4,266,363,752,27.4,0
2021-03-01 15:00,2021-03-01 16:00,21.75,46.5,2.55,10.12,7.45,11.43,8.3,0.79,46.58,29.12,66.5,2.47,253.5,209.75,752,26.88,0
2021-03-01 16:00,2021-03-01 17:00,23,46.75,2.77,11.65,8.45,12.27,9.42,0.76,30.57,29.12,76,1.4,328.75,130.5,752,25.35,0
2021-03-01 17:00,2021-03-01 18:00,28.25,49.25,2.38,18.65,11.85,11.38,10.72,0.87,39.23,29.1,72,1.45,315,101.25,752.5,26.05,0
2021-03-01 18:00,2021-03-01 19:00,25.25,41.75,4.03,28.58,18.48,11.72,10.08,1.08,34.6,29.02,75.25,0.93,324.75,15.5,753,25.32,0
2021-03-01 19:00,2021-03-01 20:00,27.75,50,2.97,23.25,14.77,12.6,11.6,1.04,31.12,29,78.25,0.38,350.75,14.25,753,24.88,0
2021-03-01 20:00,2021-03-01 21:00,42,68,2.9,24.48,15.35,12.38,9.85,1.23,21.23,29,80.5,0.3,351,15,753.75,24.7,0
2021-03-01 21:00,2021-03-01 22:00,46.75,75.5,2.58,25.25,15.55,12.72,7.88,1.38,15.85,29,83.25,0.3,353.5,17.25,754,24.6,0
2021-03-01 22:00,2021-03-01 23:00,50.5,82,2.72,22.02,13.95,12.93,7.58,1.37,13.95,29,84,0.3,353,16.25,754,24.32,0
2021-03-01 23:00,2021-04-01 00:00,46,70,1.7,13.2,8.4,13.2,7.55,1.07,10.9,29,85,0.3,352.5,15.5,754,24,0
2021-04-01 00:00,2021-04-01 01:00,45,62.25,2.17,14.03,9.25,12.32,7.62,0.94,20.45,29,86,0.3,352,16,754,23.8,0
2021-04-01 01:00,2021-04-01 02:00,38.5,54.25,2.95,9.22,7.3,12.6,8.35,0.9,16.23,29,85.25,0.3,352,15.5,753,23.73,0
2021-04-01 02:00,2021-04-01 03:00,27,44.5,2.45,8.07,6.28,14.03,7.78,0.8,18.05,29,86,0.3,351.5,15,753,23.43,0
2021-04-01 03:00,2021-04-01 04:00,22.5,38.75,2.42,5.97,5.17,15.85,7.67,0.71,4.83,29.23,86,0.32,351,14.75,753,23.3,0
2021-04-01 04:00,2021-04-01 05:00,18.75,35.25,2.35,8.05,6.22,10.95,7.28,0.69,16.25,29.05,85.75,0.3,349.5,14,753,23.2,0
2021-04-01 05:00,2021-04-01 06:00,19.25,36.25,3.05,8.93,7.25,11.43,5.5,0.7,16.62,29,85.5,0.3,349,14,753,23.2,0
2021-04-01 06:00,2021-04-01 07:00,16,38.5,3.23,14.43,10.28,11.57,5.02,0.85,15.27,29.08,85.5,0.3,350,14.25,753.5,23.2,0
2021-04-01 07:00,2021-04-01 08:00,27.5,48.75,4.97,16.45,12.78,12.88,4.9,1.04,15.08,29.1,84,0.3,350.5,48,754,23.55,0
2021-04-01 08:00,2021-04-01 09:00,46.5,71.5,1.57,14.72,9.15,13.07,5.62,1.07,21.15,29.02,78,0.65,350,262.5,754.75,25.27,0
2021-04-01 09:00,2021-04-01 10:00,46,74,2.48,10.57,7.6,13.5,4.92,0.79,28.1,29,72.5,0.9,350.5,280.25,755,26.67,0
2021-04-01 10:00,2021-04-01 11:00,35.75,67.5,4,22.88,15.4,15.47,6.47,1.04,35.85,29.25,71.5,1.1,340,221.5,755,26.77,0
2021-04-01 11:00,2021-04-01 12:00,30.75,68.25,6.52,17.1,14.32,13.55,6.85,1.01,41.6,29.35,69.5,1.72,293.25,215.5,754.5,26.7,0
2021-04-01 12:00,2021-04-01 13:00,23,45.5,86.55,47.2,94.67,11.18,7.28,1.17,31.65,29.4,68.25,1.97,254,307.5,753.5,26.8,0
2021-04-01 13:00,2021-04-01 14:00,11.75,36.75,4.95,17.6,13.43,10.33,7.38,1.08,36.73,29.2,66.5,2.52,265.25,495.75,752.75,27.35,0
2021-04-01 14:00,2021-04-01 15:00,14.5,34.5,4.9,16.5,12.75,9.88,7.35,1.01,35.55,29.1,66.25,2.7,260.5,389,752,27.52,0
2021-04-01 15:00,2021-04-01 16:00,16,37,5.2,21.65,15.72,9.6,8.6,1.07,34.67,29,68.75,2.45,247.25,110.25,752,26.65,0
2021-04-01 16:00,2021-04-01 17:00,17,37.75,4.9,17.8,13.43,9.85,7.8,1.01,34.05,29.02,68.75,2.5,254.75,200.75,752,26.85,0
2021-04-01 17:00,2021-04-01 18:00,12.75,34.25,8.15,32.27,23.83,9.95,6.77,1.39,29.17,29.02,70,1.8,263,43.75,753,26.45,0
2021-04-01 18:00,2021-04-01 19:00,20,48,4.95,25.68,17.68,10.65,6.92,1.28,25.83,29.05,77.25,1.43,277.75,14.5,753.75,25.45,3
2021-04-01 19:00,2021-04-01 20:00,26,60,7.17,27.55,20.48,10.9,6.22,1.4,24.82,28.98,83,1.35,265.75,14.5,754,23.92,2.38
2021-04-01 20:00,2021-04-01 21:00,11,37,5.42,29.08,19.88,10.98,6.8,1.14,26.95,29,82.5,0.65,326,14.75,755,23.8,0.62
2021-04-01 21:00,2021-04-01 22:00,10.25,33.5,3.5,17.55,12.2,11.1,5.15,0.86,26.07,29,83.25,0.9,346.5,14,755,23.73,0
2021-04-01 22:00,2021-04-01 23:00,8,23,2.45,13.15,8.97,11.4,6.3,0.7,31.52,29,82,0.73,351,14.25,755,23.67,0
2021-04-01 23:00,2021-05-01 00:00,4,17.75,4.47,15.72,12,11,6.38,0.69,24.52,29,82,0.35,350.5,14.25,755,23.73,0
2021-05-01 00:00,2021-05-01 01:00,None,19.25,1.92,9.8,6.8,11.6,6.55,0.8,19.68,29,83.75,0.48,351,14.5,754,23.67,0
2021-05-01 01:00,2021-05-01 02:00,None,17,2.48,9.43,7.03,10.75,7.4,0.82,20.35,28.98,84,0.57,350.75,14,754,23.6,0
2021-05-01 02:00,2021-05-01 03:00,None,17,3,11.85,8.75,10.95,6.5,0.83,17.98,29,86,0.38,351,14.75,753.5,23.38,0.25
2021-05-01 03:00,2021-05-01 04:00,3.25,12.5,2.9,9.65,7.53,13.8,7.22,0.83,6.6,29.2,87.5,0.73,351,14.5,753,23.17,0.25
2021-05-01 04:00,2021-05-01 05:00,6.75,17.75,2.45,10.88,7.77,9.9,6.7,0.81,15.18,29.05,87.25,0.65,350.25,14.75,753,23.1,0.25
2021-05-01 05:00,2021-05-01 06:00,6.75,20.5,3.15,11.4,8.62,10.05,5.88,0.85,19.62,29,86.5,0.43,351,14.25,753,22.98,0.25
2021-05-01 06:00,2021-05-01 07:00,8.75,22.25,4.28,17.38,12.73,10.02,7.95,1.04,12.72,29,87.75,0.3,293.75,14.75,753.5,22.95,0
2021-05-01 07:00,2021-05-01 08:00,11.25,28,7.97,19.28,16.77,10.35,6.33,1.29,11.4,29.02,86,0.38,315.5,70.75,754,23.5,0.25
2021-05-01 08:00,2021-05-01 09:00,22,46,5.78,23.35,17.12,10.28,6.58,1.42,19.35,29.02,77,0.93,344.75,274.75,755,25.38,0.25
2021-05-01 09:00,2021-05-01 10:00,25,55,4.35,22.88,15.7,10.15,5.4,1.29,27.95,29.08,69.25,1.23,331.75,453,755,27.1,0
2021-05-01 10:00,2021-05-01 11:00,11,27.25,4.65,19.17,13.97,13.78,5.57,0.85,32.65,29.38,66,1.98,285.5,475.5,755,27.48,0
2021-05-01 11:00,2021-05-01 12:00,7.5,22.75,7.48,13.4,13.22,10.65,6.6,0.88,33.53,29.58,64.75,2.5,260.25,620.25,754.75,27.8,0
2021-05-01 12:00,2021-05-01 13:00,5.5,23,84.3,43.75,91.17,10.1,6,0.93,33.68,29.82,66.5,2.8,271,605.75,754,27.73,0
2021-05-01 13:00,2021-05-01 14:00,4.75,18.25,5.08,16.8,13.05,8.77,7.22,0.95,36.15,29.45,67.25,2.92,255.75,363.5,753.75,27.2,0
2021-05-01 14:00,2021-05-01 15:00,6.5,22,4.83,15.2,12,8.55,7.22,0.95,35.85,29.15,68.75,2.62,269.75,222.25,753,26.62,0
2021-05-01 15:00,2021-05-01 16:00,5.25,25,4.6,20.1,14.48,8.47,6.43,1.08,35.92,29.08,66.75,1.85,323.5,175.25,753,26.7,0
2021-05-01 16:00,2021-05-01 17:00,7.75,33.75,4.17,20,13.97,8.95,9.25,1.02,37.62,29.02,64.5,1.67,298.75,225.25,753,27.25,0
2021-05-01 17:00,2021-05-01 18:00,12,35,7,32.95,23.23,9.28,10.82,1.37,30.55,29.1,65.5,1.75,269.5,84.5,753.25,26.93,0
2021-05-01 18:00,2021-05-01 19:00,12.75,44.75,7.15,42.28,28.3,9.27,11.57,1.56,27.15,29.08,70,1.07,271.5,16,754.25,26.05,0
2021-05-01 19:00,2021-05-01 20:00,24.75,56.25,10.27,49.88,34.9,8.88,10.23,1.71,25.57,29,73.5,0.57,286.5,14,755,25.82,0
2021-05-01 20:00,2021-05-01 21:00,28.25,57.25,4.38,33.77,21.53,9.7,9.6,1.32,18.67,29.02,78.5,0.32,351,14.25,755.5,25.2,0
2021-05-01 21:00,2021-05-01 22:00,38.75,64.5,3.35,32.23,19.88,10.05,10,1.7,13.97,29,83.5,0.5,351,14,755,24.52,0
2021-05-01 22:00,2021-05-01 23:00,59.25,81.5,3.25,25.45,16.18,10.7,9.67,1.44,16.08,29,83.75,0.35,351,14.75,755.25,24.33,0
2021-05-01 23:00,2021-06-01 00:00,60,74,2.42,15.72,10.35,10.6,10.53,1.33,15.1,29,84.5,0.45,351,14.5,755,24.23,0
2021-06-01 00:00,2021-06-01 01:00,36.75,53.25,2.95,12.12,8.88,10.38,7.9,1.03,23.3,29,84.75,0.53,351,14,754.75,23.98,0
2021-06-01 01:00,2021-06-01 02:00,27,37.75,2.88,14.85,10.25,9.6,5.7,1.02,21.65,29,85.75,0.45,351,14.75,754,23.75,0
2021-06-01 02:00,2021-06-01 03:00,24.75,36,2.92,11.45,8.47,11.2,5.7,0.91,18.4,29,86,0.48,351,14.25,753.5,23.6,0
2021-06-01 03:00,2021-06-01 04:00,19.75,41.75,2.02,9.53,6.68,13.55,5.28,0.86,7.75,29.18,86,0.57,351,14,753,23.52,0
2021-06-01 04:00,2021-06-01 05:00,25.25,41.5,2.48,10.4,7.55,8.93,6.75,0.81,11.07,29.02,86,0.47,351,14.5,753.5,23.35,0
2021-06-01 05:00,2021-06-01 06:00,23,38,3.3,10.2,8.1,9.3,8.6,0.81,17.05,29,86,0.3,351,14,754,23.25,0
2021-06-01 06:00,2021-06-01 07:00,22.5,36,3.75,16.15,11.62,8.85,9.05,0.93,13.55,29,87,0.35,351,15,754,23.2,0
2021-06-01 07:00,2021-06-01 08:00,29.5,47.5,3.4,15.03,10.75,9.35,8.6,1,14.88,29,86,0.43,351,45,755,23.38,0
2021-06-01 08:00,2021-06-01 09:00,29.5,53.75,3.4,9.83,7.97,10.07,7.2,1.09,23,29,76.75,0.92,351,244.75,756,25.48,0
2021-06-01 09:00,2021-06-01 10:00,34.25,51.75,3.98,17.68,12.62,10.8,6.2,0.99,30.98,29.02,75.5,0.55,318,165,756,25.95,0
2021-06-01 10:00,2021-06-01 11:00,33.5,54.75,8.35,34.15,24.98,12.4,6.62,1.16,30.62,29.2,72.5,1,313.5,195.25,756,26.45,0
2021-06-01 11:00,2021-06-01 12:00,26.25,47.25,8.35,22.27,18.57,9.62,7.18,1.12,33.58,29.23,71,0.92,269.5,144,755.25,26.7,0
2021-06-01 12:00,2021-06-01 13:00,18,43.25,85.65,53.23,97.2,8.85,6.57,1.22,32.23,29.2,71.25,1.58,285.5,149.75,754.25,26.48,0
2021-06-01 13:00,2021-06-01 14:00,18,36,5.42,20.33,15.2,8.03,7.88,1.16,37.23,29.15,72.75,1.77,237.25,279.75,753.25,26.35,0
2021-06-01 14:00,2021-06-01 15:00,14,33,5.18,23.07,16.5,8.18,7.73,1.18,37.33,29.1,68.25,1.45,268.75,269,752.75,27.05,0
2021-06-01 15:00,2021-06-01 16:00,2,30,3.83,12.95,9.97,8.07,7.85,0.94,32.58,29.12,72.75,1.68,320.75,102,752.75,25.9,1
2021-06-01 16:00,2021-06-01 17:00,18,36.5,4.72,13.25,10.9,7.97,7.3,0.95,22.77,29,86,0.95,341.5,26.75,753.25,23.52,2.5
2021-06-01 17:00,2021-06-01 18:00,20.75,34,14.7,34,30.07,7.77,9.02,1.48,21.68,28.9,86,1.32,319.25,18,754,23.18,1.25
2021-06-01 18:00,2021-06-01 19:00,10,27,5.95,28.4,19.95,8.05,8.75,1.34,18.15,28.9,87,0.43,351,15,755,22.95,0.75
2021-06-01 19:00,2021-06-01 20:00,6.75,17,2.55,19.3,12.35,8.9,7.97,1.19,19.77,29,87.25,0.6,351,14.5,755.5,23,0.25
2021-06-01 20:00,2021-06-01 21:00,7.25,24.5,3.4,24.7,15.88,8.43,6.88,1.06,19,29,87.25,0.72,351,14,756,23,0.5
2021-06-01 21:00,2021-06-01 22:00,12.5,29.25,2.95,17.65,11.77,8.9,6.12,0.98,18.7,29,87.25,0.3,348.5,14.25,756,22.98,0.25
2021-06-01 22:00,2021-06-01 23:00,14.5,27.75,2.9,14.42,10.02,8.75,6,0.84,19.9,29,87,0.4,351,14.75,755.25,22.85,0.25
2021-06-01 23:00,2021-07-01 00:00,7,21,3.45,13.75,10.15,9,5.5,0.8,20.9,29,87,0.45,350,14.5,755,22.8,0
2021-07-01 00:00,2021-07-01 01:00,3,5,2.5,9.95,7.3,8.9,5.95,0.6,22.48,29,85.25,0.7,351,14.25,754.25,22.6,0
2021-07-01 01:00,2021-07-01 02:00,3,5.25,2.17,10.02,7.1,8.75,8.68,0.55,22.7,29,84.25,0.38,351,14.75,754,22.67,0.25
2021-07-01 02:00,2021-07-01 03:00,2,6,3.12,16.45,11.3,9.92,8.8,0.55,15.2,29,86,0.32,351,15,753,22.6,0
2021-07-01 03:00,2021-07-01 04:00,2,6,0.3,6.42,2.2,8.1,3.33,0.29,14.7,28.8,86.25,0.3,348.5,12,752.75,22.3,0
2021-07-01 04:00,2021-07-01 05:00,None,10,2.42,5.6,4.95,7.8,5.6,0.75,13.22,28.92,86.5,0.3,348,11.5,752.75,22.12,0
2021-07-01 05:00,2021-07-01 06:00,None,9.75,2.42,11.08,7.88,8.6,10.2,0.81,15.35,29.1,87,0.3,348.5,12,753,22.02,0
2021-07-01 06:00,2021-07-01 07:00,None,9,3.75,12.33,9.6,8.5,10.48,0.84,13.75,29.1,88,0.3,349,12,753.75,21.95,0
2021-07-01 07:00,2021-07-01 08:00,None,None,None,None,None,None,None,None,None,None,None,None,None,None,None,None,None
2021-07-01 08:00,2021-07-01 09:00,None,None,None,None,None,None,None,None,None,None,None,None,None,None,None,None,None
2021-07-01 09:00,2021-07-01 10:00,None,None,None,None,None,None,None,None,None,None,None,None,None,None,None,None,None
2021-07-01 10:00,2021-07-01 11:00,None,None,None,None,None,None,None,None,None,None,None,None,None,None,None,None,None
2021-07-01 11:00,2021-07-01 12:00,None,None,None,None,0,None,3.7,0,36.5,27.4,64,1.85,341.5,733,755.5,27.65,0
2021-07-01 12:00,2021-07-01 13:00,None,5,2.75,14.25,7.93,5.8,8,0.22,35.02,28.23,64.5,2.23,300,478.25,752.75,27.85,0
2021-07-01 13:00,2021-07-01 14:00,None,5.5,4.22,12.07,9.9,8.25,5.15,0.24,29.57,28.88,67,3.48,296.25,584,750.5,27.35,0
2021-07-01 14:00,2021-07-01 15:00,None,9.5,3.77,11.45,9.2,9.03,4.6,0.59,29.95,28.85,69.25,3.62,288.25,333,750,26.45,0
2021-07-01 15:00,2021-07-01 16:00,1,16.75,3.78,10.18,8.5,8.8,4.97,0.26,31.18,28.4,70.5,3.43,272,316,750,26.32,0
2021-07-01 16:00,2021-07-01 17:00,1.5,17,4.53,14.95,11.65,8.55,6.15,0.68,32.35,28.6,70,3.12,252.25,267,750,26.5,0
2021-07-01 17:00,2021-07-01 18:00,5.25,25,6.05,19.45,15.25,7.95,8.93,0.68,24.95,28.27,71.5,2.4,269.25,110.5,751,26.4,0
2021-07-01 18:00,2021-07-01 19:00,12,40,8.25,33.1,24.35,6.8,9.18,1.01,21.9,28.3,75.25,1.9,316.75,15.75,751.5,25.6,0
2021-07-01 19:00,2021-07-01 20:00,15.75,33.75,6.7,34.02,23.52,8.85,9.2,1.05,22.88,28.3,76.75,1.25,337,11,752,25.25,0
2021-07-01 20:00,2021-07-01 21:00,23,46.75,3.58,19.75,13.43,8.62,8.43,0.77,23.32,28.3,78.5,1,348.25,11,753,24.85,0
2021-07-01 21:00,2021-07-01 22:00,17,39,3.62,13.45,10.07,9.48,8.35,0.64,24.32,28.23,79,0.62,348.75,11.25,753,24.67,0
2021-07-01 22:00,2021-07-01 23:00,7.75,24.75,3.55,12.02,7.77,9.9,8.85,0.57,25.45,28.3,80,0.3,349,12,753,24.5,0
2021-07-01 23:00,2021-08-01 00:00,7.75,19.25,3.95,16.12,11.8,10.15,7.97,0.52,24.3,28.27,80,0.3,349,12,753,24.45,0
2021-08-01 00:00,2021-08-01 01:00,9.25,22.75,2.67,11.88,8.5,10.82,9.45,0.68,24.62,28.27,81,0.3,348.25,11.25,752.5,24.23,0
2021-08-01 01:00,2021-08-01 02:00,6.75,20.5,2.52,17.73,11.48,11.52,11.2,0.68,24.02,28.3,81,0.3,348,11,751.75,24.15,0
2021-08-01 02:00,2021-08-01 03:00,6,15.75,3,15.92,10.93,14.12,11.2,0.64,23.35,28.3,81.75,0.3,348,11,751,24.05,0
2021-08-01 03:00,2021-08-01 04:00,6,14.25,2.48,12.25,8.53,17.15,11.47,0.56,9.7,28.4,82.5,0.3,345.5,11,751,23.88,0
2021-08-01 04:00,2021-08-01 05:00,5.75,12,1.72,12.62,7.7,10.45,10.5,0.69,14.62,28.3,83.75,0.3,348,11,751.25,23.65,0
2021-08-01 05:00,2021-08-01 06:00,6.25,14,3.1,8.75,7.2,10.95,8.77,0.73,14.82,28.25,85,0.3,348,11,752,23.43,0
2021-08-01 06:00,2021-08-01 07:00,9.25,20.5,3.17,8.78,7.25,11.32,8.28,0.76,15.43,28.3,85.75,0.3,348,11.75,752,23.12,0
2021-08-01 07:00,2021-08-01 08:00,9,23.75,5.15,14.4,11.9,11.65,9.12,0.88,13.6,28.3,82.5,0.3,348,107.5,753,23.93,0
2021-08-01 08:00,2021-08-01 09:00,15,29,2.9,11.65,8.55,12.02,7.8,1.09,23.62,28.27,74.25,1.02,349,267,753.5,25.77,0
2021-08-01 09:00,2021-08-01 10:00,23,37,4.6,15.53,11.97,14.02,5.25,0.99,26.43,28.27,65.5,1.25,326.75,417.25,754,27.5,0
2021-08-01 10:00,2021-08-01 11:00,14.5,34.25,6.62,20.42,16.25,18,5.62,1.05,26.38,28.65,65.5,1.8,272.25,347,753.5,27.2,0
2021-08-01 11:00,2021-08-01 12:00,7.25,25,5.67,8.65,9.2,11.97,5.22,0.9,33.35,28.68,63.75,1.2,315.75,538,752.75,28.02,0
2021-08-01 12:00,2021-08-01 13:00,8.25,23,83.9,42.5,90.1,11.3,6.47,0.94,32.92,28.85,65.25,2.45,247,550.5,752,27.8,0
2021-08-01 13:00,2021-08-01 14:00,8.5,24,4.9,13.72,11.3,9.2,7.82,0.9,32.83,28.5,67.5,2.8,250,341,751,27.1,0
2021-08-01 14:00,2021-08-01 15:00,7.5,18.75,5.55,13.95,11.93,8.95,8.7,0.84,30.98,28.35,69.25,3.23,252.5,418.25,751,26.78,0
2021-08-01 15:00,2021-08-01 16:00,9,21,5.6,13.07,11.52,8.6,8.2,0.82,32.12,28.38,68.75,3.33,250.75,280.25,751,26.85,0
2021-08-01 16:00,2021-08-01 17:00,6.75,26.5,5.88,16.8,13.7,9.38,7.55,0.92,28.6,28.3,72,2.75,267,164.75,751,26.25,0
2021-08-01 17:00,2021-08-01 18:00,8.75,36.75,4.85,16.1,12.55,9.22,7.35,0.94,26.02,28.25,70.5,2.9,308,214.25,751,26.4,0
2021-08-01 18:00,2021-08-01 19:00,11.5,29.25,9.27,24.75,20.73,10.55,9.4,1.22,14.82,28.4,79.75,1.4,343.75,14.25,752,24.95,3.62
2021-08-01 19:00,2021-08-01 20:00,20.5,35,3.33,17.5,11.4,10.83,8.97,1.04,16.65,28.3,84.25,0.93,349,12,753,24.25,0.38
2021-08-01 20:00,2021-08-01 21:00,14.5,27.5,1.65,9.55,6.4,10.75,8.02,0.8,21.52,28.38,84.5,1.27,348.25,12,754,23.75,0.38
2021-08-01 21:00,2021-08-01 22:00,8.75,14.25,2.08,6.02,4.92,10.25,6.58,0.7,21.58,28.4,86,1.52,348.5,12,754,23.25,0
2021-08-01 22:00,2021-08-01 23:00,5,15,1.9,6.95,5.22,10.2,6.78,0.61,20.6,28.4,85,1.12,348.5,12,753.5,23.1,0.75
2021-08-01 23:00,2021-09-01 00:00,None,None,2.02,7.7,5.77,9.9,5.97,0.55,22.48,28.38,85.5,0.8,348.25,12,753,22.73,0.25
2021-09-01 00:00,2021-09-01 01:00,None,3,2.83,10.07,7.67,9.77,6.4,0.57,20.6,28.38,86,0.65,348.75,12,753,22.62,0
2021-09-01 01:00,2021-09-01 02:00,None,3.5,2.05,10.1,7.05,10.32,7.65,0.6,20.2,28.4,85.75,0.5,330.75,12,752,22.7,0
2021-09-01 02:00,2021-09-01 03:00,None,5,2.3,7.53,5.83,10.1,7.9,0.6,18.73,28.35,86,0.3,348.25,11.25,752,22.52,0
2021-09-01 03:00,2021-09-01 04:00,None,13,2.45,5.28,4.85,14.2,6.85,0.52,3.6,28.45,87.5,0.7,348,12,752,22.35,0
2021-09-01 04:00,2021-09-01 05:00,None,12.25,3.2,7.72,6.7,8.95,7.3,0.62,12.88,28.35,87,0.32,348,12,751.75,22.35,0
2021-09-01 05:00,2021-09-01 06:00,None,10.5,2.82,8.32,6.67,8.32,9,0.69,15.4,28.3,86.25,0.75,348.5,12,752,22.4,0
2021-09-01 06:00,2021-09-01 07:00,None,11.5,3.33,12.05,9.1,8.57,9.4,0.69,15.2,28.25,85.75,0.4,349,12,752,22.5,0
2021-09-01 07:00,2021-09-01 08:00,2,13,6.85,14.35,13.2,9.05,9.15,0.89,13.45,28.27,84.5,1.2,335.25,42,752.25,22.73,0
2021-09-01 08:00,2021-09-01 09:00,6.75,32,8.3,19.77,17.27,9.45,8.15,1.18,14.85,28.3,80.75,0.45,335.5,127,753,23.62,0
2021-09-01 09:00,2021-09-01 10:00,19.5,55,6.77,19.17,15.72,11.15,6.8,0.93,15.5,28.3,74.5,0.85,297.75,271.75,753.75,25.28,0
2021-09-01 10:00,2021-09-01 11:00,14.5,35.25,7.75,22.82,18.42,13.85,7.53,0.83,19.92,28.45,72.5,1.6,257.75,294.75,753.5,26,0
2021-09-01 11:00,2021-09-01 12:00,12.25,36,8.03,13.28,13.55,10.75,7.67,0.7,22.52,28.45,69.25,1.62,263.75,415.25,753,26.67,0
2021-09-01 12:00,2021-09-01 13:00,9,24,83.1,43.65,90.15,9.18,9.45,0.82,27,28.55,62,1.5,304.25,472.75,752.25,27.93,0
2021-09-01 13:00,2021-09-01 14:00,5.25,15.75,4.5,13.8,11,7.6,10.7,0.83,25.4,28.35,61.5,2,276.25,387.25,752,27.65,0
2021-09-01 14:00,2021-09-01 15:00,2.5,17.75,6.82,15.25,13.68,7.22,11.05,0.86,21.85,28.33,66,2.25,252.25,174.5,751,26.73,0
2021-09-01 15:00,2021-09-01 16:00,3,19.5,5.45,21.17,15.7,7.15,10.43,1,20.92,28.33,68.75,1.58,304.75,113.5,751,26.27,0
2021-09-01 16:00,2021-09-01 17:00,8.5,25.25,4.35,18.73,13.47,7.27,9.7,0.91,25.02,28.27,67.5,1.33,336,131,751.25,26.23,0
2021-09-01 17:00,2021-09-01 18:00,8.25,24.25,8.62,34.53,25.38,7.22,11.35,1.46,17.27,28.3,70.5,0.75,335.75,33,752,25.82,0
2021-09-01 18:00,2021-09-01 19:00,13,39.5,2.75,23.3,14.65,8.05,11.28,1.31,16.5,28.33,75.25,0.7,349,12,752.75,25.12,0.5
2021-09-01 19:00,2021-09-01 20:00,15.75,41.5,2.62,20.48,13.07,7.88,10.6,1.15,15.05,28.35,83.75,0.3,348.25,11.25,753.5,23.52,0.75
2021-09-01 20:00,2021-09-01 21:00,16,25.75,3.45,32.3,20,7.9,9.32,1.17,13.7,28.3,84.75,0.3,348,11,754,23.55,0
2021-09-01 21:00,2021-09-01 22:00,18,26.75,4.88,30.18,20.02,7.55,8.07,1.35,11.47,28.3,85.75,0.3,348,11,754,23.55,0.25
2021-09-01 22:00,2021-09-01 23:00,13.75,23.75,3.47,22.78,14.93,8.3,8.7,1.19,13.98,28.38,85.75,0.3,348,11,754,23.42,0
2021-09-01 23:00,2021-10-01 00:00,10.75,26.5,3.02,19.8,12.97,8.18,8,0.97,14.85,28.4,85.25,0.3,348,11,754,23.25,0
2021-10-01 00:00,2021-10-01 01:00,13,28,3.4,10.1,8.1,8.35,9.4,0.77,14.23,28.35,85.75,0.3,348,11,753.25,23.2,0
2021-10-01 01:00,2021-10-01 02:00,8.75,20,3.8,13.38,10.23,7.97,8.88,0.72,15.55,28.3,85,0.3,348,11.5,753,23.15,0
2021-10-01 02:00,2021-10-01 03:00,4.5,22.5,3.85,16.98,12.15,8.95,8.93,0.66,16.7,28.27,84.75,0.3,341.25,11.5,752,23.2,0
2021-10-01 03:00,2021-10-01 04:00,2.5,20.25,2.45,12.98,8.9,10.05,8.95,0.6,0.5,28.38,86.25,0.3,349,12,752,23.08,0
2021-10-01 04:00,2021-10-01 05:00,2.5,19.75,3.42,10.18,8.2,7.62,9.5,0.76,4.53,28.3,87,0.3,348.5,11.5,752,23.02,0
2021-10-01 05:00,2021-10-01 06:00,7.5,25,3.42,14.47,10.5,7.33,10.07,0.8,10.8,28.27,87.5,0.3,348.25,11.5,752,22.9,0
2021-10-01 06:00,2021-10-01 07:00,8.25,24.5,3.05,8.57,7.05,7.55,9.77,0.78,12.15,28.25,87.75,0.3,348.5,12,752.75,22.73,0
2021-10-01 07:00,2021-10-01 08:00,6,23,3.7,9.3,7.95,7.83,9.6,0.84,12.38,28.25,87.25,0.3,345.25,41.25,753.5,22.98,0
2021-10-01 08:00,2021-10-01 09:00,12.25,31.75,3.35,8.48,7.25,7.83,7.88,0.84,15.6,28.23,80.75,0.68,349,184.75,754,24.5,0
2021-10-01 09:00,2021-10-01 10:00,11.5,28.5,2.9,9.3,7.3,8.9,7.3,0.72,19.07,28.3,78,0.95,348.25,242.5,754,25.3,0
2021-10-01 10:00,2021-10-01 11:00,14.75,35.75,2.7,7.95,6.4,13,6.38,0.99,26.18,28.42,71.25,0.35,348.25,313.5,754.25,26.62,0
2021-10-01 11:00,2021-10-01 12:00,11,26,5.15,4.45,6.58,9.7,6.47,0.93,28.02,28.5,70.5,0.85,338.25,214.75,754,26.35,0
2021-10-01 12:00,2021-10-01 13:00,9.75,29,80.52,43,87.65,8.3,6.38,0.97,26.73,28.52,70,1.7,289.25,227,753.25,26.38,0
2021-10-01 13:00,2021-10-01 14:00,5,35.75,3.6,12.18,9.43,6.95,6.7,0.94,26.48,28.38,71.25,1.57,312,170.75,752.5,25.8,0
2021-10-01 14:00,2021-10-01 15:00,4.5,29,3.72,15.85,11.45,6.53,5.62,1.04,29.22,28.38,70.25,0.75,327.75,217.75,752,26.2,0
2021-10-01 15:00,2021-10-01 16:00,13,30.25,2.5,9,6.83,7.03,6.43,0.96,32.15,28.35,69.25,0.9,341.75,207.5,751.75,26.4,0
2021-10-01 16:00,2021-10-01 17:00,15.25,32,1.52,5.75,4.3,7.12,6.53,0.79,33.2,28.35,68.5,1.18,344.75,158.25,751.75,26.23,0
2021-10-01 17:00,2021-10-01 18:00,13.75,26.25,2.88,7.32,6.2,6.88,7.2,0.79,25.75,28.33,70.75,1.18,349,24,752,25.4,0
2021-10-01 18:00,2021-10-01 19:00,15.5,25,2.75,6.03,5.45,7.25,9.22,0.75,22.82,28.35,75.5,1.35,349,11.75,753,24.35,0
2021-10-01 19:00,2021-10-01 20:00,12.25,19.75,2.35,8.9,6.65,7.27,8.57,0.75,24.7,28.38,79.75,0.82,349,12,753.5,23.3,0
2021-10-01 20:00,2021-10-01 21:00,7.75,21,3.17,19.7,13.05,6.95,9.6,0.73,22.7,28.3,79.75,0.65,348.75,11.75,754,23.3,0
2021-10-01 21:00,2021-10-01 22:00,9.25,18.75,2.47,14.28,9.62,7.95,10.15,0.72,22.82,28.3,78.75,0.3,348,11,754,23.38,0
2021-10-01 22:00,2021-10-01 23:00,6.75,23.75,2.92,17.27,11.55,7.97,9.65,0.97,14.35,28.3,80.75,0.35,348.5,11.5,754,23.3,0
2021-10-01 23:00,2021-11-01 00:00,6,32,2.65,18.25,11.8,7.95,10.45,0.93,14.95,28.3,81.5,0.3,348,11,754,23.15,0
2021-11-01 00:00,2021-11-01 01:00,9.5,27.5,2.92,19.38,12.67,8.43,9.18,0.84,13.9,28.3,84,0.3,348,11,754,22.9,0
2021-11-01 01:00,2021-11-01 02:00,9.25,28,3.25,14.5,10.32,8,9.47,0.8,15.2,28.33,85.75,0.3,348,11.5,753.5,22.7,0.25
2021-11-01 02:00,2021-11-01 03:00,6.75,25.5,1.97,10.05,6.95,8.77,9.8,0.73,15.38,28.3,86,0.3,348,11,753,22.58,0
2021-11-01 03:00,2021-11-01 04:00,6,24.75,2.2,9.47,6.83,11.02,10.88,0.66,5.4,28.42,86,0.3,348,11,753,22.58,0
2021-11-01 04:00,2021-11-01 05:00,6,17.5,2.9,11.15,8.3,6.98,10.03,0.62,10.43,28.3,86,0.3,348,11,753,22.62,0
2021-11-01 05:00,2021-11-01 06:00,6,16.75,2.67,11.12,8.1,6.73,9.62,0.63,13.4,28.27,86,0.3,348,11,753,22.6,0
2021-11-01 06:00,2021-11-01 07:00,6,20.25,3.7,14.97,10.98,6.72,8.73,0.73,13.3,28.3,86,0.3,348,11.25,753.25,22.6,0
2021-11-01 07:00,2021-11-01 08:00,8.75,27.75,4.5,13.15,10.68,7.27,7.93,0.85,13.8,28.3,85.5,0.6,348.25,27,754,22.73,0
2021-11-01 08:00,2021-11-01 09:00,20,42.75,5.4,18.6,14.28,7.45,9.55,1.04,13.8,28.3,82.75,0.3,348.75,62,754.5,23.3,0
2021-11-01 09:00,2021-11-01 10:00,31,55.75,9.52,28.1,22.7,8.38,9.2,1.08,13.93,28.27,79.5,0.4,348.75,93.5,755,23.98,0
2021-11-01 10:00,2021-11-01 11:00,47.5,77.5,10.32,52.25,36.17,12.1,10.15,1.7,18.95,28.35,74.75,0.62,330.5,165,754.5,24.88,0
2021-11-01 11:00,2021-11-01 12:00,54.25,89.75,8.95,32.2,24.38,8.35,9.7,1.58,22.95,28.5,72.5,1.45,273,242,754,25.58,0
2021-11-01 12:00,2021-11-01 13:00,40,70.5,82.95,51.67,94.23,8.05,10.55,1.19,24.82,28.52,71.5,1.4,296,231.25,753.25,25.75,0
2021-11-01 13:00,2021-11-01 14:00,29,50,4.88,18.67,13.9,6.65,9.7,1.1,39,28.33,66.75,0.82,315,391,753,26.8,0
2021-11-01 14:00,2021-11-01 15:00,23.5,46,2.52,12.85,8.85,6.45,10.3,0.95,49.42,28.33,60.25,1.17,345,445.75,752.25,27.9,0
2021-11-01 15:00,2021-11-01 16:00,23,43,4.25,21.85,15.05,5.5,10.15,0.99,32.67,28.35,66,1.43,298.75,184.75,752,26.75,0
2021-11-01 16:00,2021-11-01 17:00,18,39,7.8,27.25,20.85,6.42,9.08,1.08,26,28.4,72.75,1.75,252.5,59.75,752,25.77,0
2021-11-01 17:00,2021-11-01 18:00,23,40.75,10.6,36.3,27.92,6.32,6.53,1.31,28.15,28.3,70.25,1.2,310.75,35.5,752,25.65,0
2021-11-01 18:00,2021-11-01 19:00,28.25,45.5,3.1,16.43,11.23,7.58,6.78,0.85,24.35,28.3,70,1.43,349,11.5,753,25.05,0
2021-11-01 19:00,2021-11-01 20:00,24.25,44,3.08,12.8,9.32,7.07,6.3,0.89,25.12,28.3,77,0.85,349,12,753.5,23.85,0
2021-11-01 20:00,2021-11-01 21:00,17.25,None,3.67,20.85,14.1,6.53,6.3,0.97,22.25,28.3,78.5,0.42,348.5,12,754,23.7,0
2021-11-01 21:00,2021-11-01 22:00,14.75,None,8.25,34.5,25.07,6.58,6.25,1.49,12.12,28.27,81.5,0.55,346,12,754,23.45,0
2021-11-01 22:00,2021-11-01 23:00,20.5,None,9.73,35.33,26.73,6.58,6.02,1.54,14.75,28.2,80,0.38,348.5,12,754,23.48,0
2021-11-01 23:00,2021-12-01 00:00,14.25,35,3.6,27.35,17.48,6.92,5.75,1.21,15.98,28.23,79,0.32,348.75,12,754,23.48,0
2021-12-01 00:00,2021-12-01 01:00,18.75,35,2.53,23.05,14.3,7.62,6.5,1,18.55,28.3,79,0.35,349,12,753,23.38,0
2021-12-01 01:00,2021-12-01 02:00,17.5,32.5,3.5,16.2,11.43,7.6,8.2,0.77,20.35,28.3,79,0.3,349,12,752.75,23.25,0
2021-12-01 02:00,2021-12-01 03:00,7,25,2.45,13.65,9.28,7.83,8.57,0.7,21.2,28.3,78,0.3,345.5,12,752,23.27,0
2021-12-01 03:00,2021-12-01 04:00,6.25,20,2.73,11.18,8.12,10.45,8.3,0.54,19.65,28.42,79,0.38,315,12,752,22.9,0.5
2021-12-01 04:00,2021-12-01 05:00,6.75,16,4.28,17.23,12.65,7.2,7.95,0.67,16.95,28.38,84,0.47,307.25,12,752,22.27,0.5
2021-12-01 05:00,2021-12-01 06:00,6.5,21.5,2.55,18.42,11.9,6.8,6.9,0.68,19.88,28.3,83.25,0.4,308,12,752,22.45,0
2021-12-01 06:00,2021-12-01 07:00,7.75,21,2.75,11.28,8.23,7.18,6.42,0.7,25.8,28.33,79.5,0.6,348.75,12.5,752,22.6,0
2021-12-01 07:00,2021-12-01 08:00,7.75,28.75,9.43,28.45,22.82,6.7,7.38,1.04,20.1,28.27,76.75,0.55,348,36.25,753,23.15,0
2021-12-01 08:00,2021-12-01 09:00,9.25,37,2.6,10.22,7.58,7.53,8.7,0.72,28.9,28.3,70.25,1.6,348.25,33.75,753.25,24.1,0
2021-12-01 09:00,2021-12-01 10:00,9.25,24.25,9.18,24.7,20.6,8.15,8.33,0.71,23.35,28.35,78,0.93,338,37,754,23.18,0.25
2021-12-01 10:00,2021-12-01 11:00,15,37.25,9.18,29.53,23.18,10.57,9.52,0.9,22.25,28.38,82.25,0.6,340.5,119.5,754,22.58,0.75
2021-12-01 11:00,2021-12-01 12:00,13,28,9.1,15.6,15.7,9.05,9.43,0.98,23.92,28.42,77,1.6,331.5,310.75,754,23.62,0.75
2021-12-01 12:00,2021-12-01 13:00,14.75,26,83.45,48.6,93,5,9.18,1.01,24.6,28.52,72.5,2.15,326.5,233.75,752.75,24.43,0.5
2021-12-01 13:00,2021-12-01 14:00,9.75,26.25,4.88,17.35,13.22,6,9.57,0.92,28.7,28.3,71,1.38,342.75,177.75,752,24.9,0.75
2021-12-01 14:00,2021-12-01 15:00,10.75,22.5,20.32,43.4,39.6,5.57,10.93,1.51,13.4,28.33,77.5,1.1,316.25,26.5,752,24.05,0.25
2021-12-01 15:00,2021-12-01 16:00,23.25,34,17.45,48.35,39.92,5.52,10.62,1.47,10.3,28.33,83,0.38,342,24,751,23.3,0.25
2021-12-01 16:00,2021-12-01 17:00,16,28,7.95,29.78,22.3,6.08,11.03,1.15,14.43,28.3,84.5,0.5,345.5,34.5,751,23.08,0
2021-12-01 17:00,2021-12-01 18:00,11.5,30.5,3.03,22.85,14.62,6.35,9.9,1.1,15.8,28.27,86.25,0.3,348.75,19.25,751.75,23.02,0.25
2021-12-01 18:00,2021-12-01 19:00,19,37.25,4.33,30.67,19.85,6.15,9.43,1.31,15.75,28.3,88,0.3,349,12.25,752,22.75,0.25
2021-12-01 19:00,2021-12-01 20:00,28,35,3.72,26.35,17.05,6.67,9.93,1.37,15.57,28.33,88,0.6,349,12.25,752.75,22.67,0.25
2021-12-01 20:00,2021-12-01 21:00,24.5,31.25,3.27,19.32,12.93,6.5,9.07,1.02,15.08,28.3,88,0.65,349,12,753,22.48,0.5
2021-12-01 21:00,2021-12-01 22:00,14,20,8.97,28.77,22.57,6.23,11,1.27,13.32,28.3,88,0.52,323.5,12,753,22.58,0.5
2021-12-01 22:00,2021-12-01 23:00,10.75,19.5,5.97,23.27,17.23,6.33,11.15,1.23,13.75,28.35,88,0.32,336.25,11.75,753,22.6,0.5